-- MySQL dump 10.13  Distrib 8.0.18, for Win64 (x86_64)
--
-- Host: 127.0.0.1    Database: covamsa_desarrollo
-- ------------------------------------------------------
-- Server version	5.7.28-log

/*!40101 SET @OLD_CHARACTER_SET_CLIENT=@@CHARACTER_SET_CLIENT */;
/*!40101 SET @OLD_CHARACTER_SET_RESULTS=@@CHARACTER_SET_RESULTS */;
/*!40101 SET @OLD_COLLATION_CONNECTION=@@COLLATION_CONNECTION */;
/*!50503 SET NAMES utf8 */;
/*!40103 SET @OLD_TIME_ZONE=@@TIME_ZONE */;
/*!40103 SET TIME_ZONE='+00:00' */;
/*!40014 SET @OLD_UNIQUE_CHECKS=@@UNIQUE_CHECKS, UNIQUE_CHECKS=0 */;
/*!40014 SET @OLD_FOREIGN_KEY_CHECKS=@@FOREIGN_KEY_CHECKS, FOREIGN_KEY_CHECKS=0 */;
/*!40101 SET @OLD_SQL_MODE=@@SQL_MODE, SQL_MODE='NO_AUTO_VALUE_ON_ZERO' */;
/*!40111 SET @OLD_SQL_NOTES=@@SQL_NOTES, SQL_NOTES=0 */;

--
-- Table structure for table `acceso`
--

DROP TABLE IF EXISTS `acceso`;
/*!40101 SET @saved_cs_client     = @@character_set_client */;
/*!50503 SET character_set_client = utf8mb4 */;
CREATE TABLE `acceso` (
  `idacceso` int(11) NOT NULL AUTO_INCREMENT,
  `correo` varchar(35) NOT NULL,
  `password` varchar(300) NOT NULL,
  `tipo_usuario` varchar(45) NOT NULL,
  `estado` tinyint(1) DEFAULT NULL,
  `intentos_login` int(11) DEFAULT NULL,
  PRIMARY KEY (`idacceso`),
  UNIQUE KEY `idacceso_UNIQUE` (`idacceso`)
) ENGINE=InnoDB AUTO_INCREMENT=46 DEFAULT CHARSET=utf8;
/*!40101 SET character_set_client = @saved_cs_client */;

--
-- Dumping data for table `acceso`
--

LOCK TABLES `acceso` WRITE;
/*!40000 ALTER TABLE `acceso` DISABLE KEYS */;
INSERT INTO `acceso` VALUES (2,'User@gmail.com','123456aA','Administrador',1,1),(3,'rosa@gmail.com','123456aA','Administrador',0,1),(4,'luis2010@gmail.com','123456aA','Almacen',1,NULL),(5,'fabian.vazquez@covamsa.com','123aA','Ventas',0,3),(9,'juancaph2015@gmail.com','Juan123aA','Ventas',1,1),(10,'jorge,,,,qgmail.com','123aA132','Ventas',1,NULL),(11,'pedro@gmail.com','123456aA','Administrador',0,1),(12,'jorgeFlores@gmail.com','j8a6sdf35','Ventas',1,NULL),(13,'josel@gmai.com','123456A','Ventas',1,NULL),(14,'rosa@gmail.com','123456aA','Ventas',1,NULL),(15,'rosa@gmail.com','123456aA','Ventas',1,NULL),(16,'rosa@gmail.com','123456aA','Ventas',1,NULL),(17,'rosa@gmail.com','123456aA','Ventas',1,NULL),(18,'juancaph2015@gmail.com','Juan123aA','Ventas',1,NULL),(19,'juancaph2015@gmail.com','Juan123aA','Ventas',1,NULL),(20,'covamsa@gmail.com','123456aA','Administrador',0,3),(21,'rosa@gmail.com','123456aA','Ventas',1,NULL),(22,'rosa@gmail.com','123456aA','Ventas',1,NULL),(23,'rosa@gmail.com','123456aA','Ventas',1,NULL),(24,'rosa@gmail.com','123456aA','Ventas',1,NULL),(25,'rosa@gmaill.com','123456aA','Ventas',1,NULL),(26,'covamsa@gmail.com','123456aA','Ventas',1,NULL),(27,'covamsa@gmail.com','123456aA','Ventas',1,NULL),(28,'covamsa@gmail.com','123456aA','Ventas',1,NULL),(29,'covamsa@gmail.com','123456aA','Ventas',1,NULL),(30,'covamsa@gmail.com','123456aA','Ventas',1,NULL),(36,'covamsa@gggmail.com','123456aA','Ventas',1,NULL),(37,'ccoovamsa@gmail.com','123456aA','Ventas',1,NULL),(38,'victor@gmail.com','123456aA','Ventas',1,NULL),(39,'pru@gmail.com','123456aA','Administrador',1,0),(40,'rgwe@gmail.com','123456aA','Ventas',1,0),(41,'entregas@gmail.com','123456aA','Almacen',1,0),(42,'entrega@gamil.com','123456aA','Ventas',1,0),(43,'martinez@gmail.com','123456aQ','Almacen',1,0),(44,'pepeChuy@gmail.com','123456aA','Almacen',1,0),(45,'SA@gamil.com','123456aA','Compras',1,0);
/*!40000 ALTER TABLE `acceso` ENABLE KEYS */;
UNLOCK TABLES;

--
-- Table structure for table `clientes`
--

DROP TABLE IF EXISTS `clientes`;
/*!40101 SET @saved_cs_client     = @@character_set_client */;
/*!50503 SET character_set_client = utf8mb4 */;
CREATE TABLE `clientes` (
  `idcliente` int(11) NOT NULL AUTO_INCREMENT,
  `nombre` varchar(200) NOT NULL,
  `numero_interno` int(11) NOT NULL,
  `id_empleados` int(11) NOT NULL,
  PRIMARY KEY (`idcliente`),
  UNIQUE KEY `idcliente_UNIQUE` (`idcliente`),
  KEY `fk_clientes_empleados1_idx` (`id_empleados`),
  CONSTRAINT `fk_clientes_empleados1` FOREIGN KEY (`id_empleados`) REFERENCES `empleados` (`id_empleados`) ON DELETE NO ACTION ON UPDATE NO ACTION
) ENGINE=InnoDB AUTO_INCREMENT=8 DEFAULT CHARSET=utf8;
/*!40101 SET character_set_client = @saved_cs_client */;

--
-- Dumping data for table `clientes`
--

LOCK TABLES `clientes` WRITE;
/*!40000 ALTER TABLE `clientes` DISABLE KEYS */;
INSERT INTO `clientes` VALUES (1,'MODELO',1,1),(2,'CORONA PACIFICO ',2,1),(3,'CORONA EL PACIFICO',3,2),(4,'TORNILLOS SAN MARCOS',4,1),(5,'CORONA AGS ',842,1),(6,'MODELO NEGRA ',843,17),(7,'MODELO AZUL ',6818,1);
/*!40000 ALTER TABLE `clientes` ENABLE KEYS */;
UNLOCK TABLES;

--
-- Table structure for table `departamentos`
--

DROP TABLE IF EXISTS `departamentos`;
/*!40101 SET @saved_cs_client     = @@character_set_client */;
/*!50503 SET character_set_client = utf8mb4 */;
CREATE TABLE `departamentos` (
  `id_departamento` int(11) NOT NULL AUTO_INCREMENT,
  `nombre` varchar(20) NOT NULL,
  PRIMARY KEY (`id_departamento`),
  UNIQUE KEY `id_departamento_UNIQUE` (`id_departamento`)
) ENGINE=InnoDB AUTO_INCREMENT=8 DEFAULT CHARSET=utf8;
/*!40101 SET character_set_client = @saved_cs_client */;

--
-- Dumping data for table `departamentos`
--

LOCK TABLES `departamentos` WRITE;
/*!40000 ALTER TABLE `departamentos` DISABLE KEYS */;
INSERT INTO `departamentos` VALUES (1,'ventas'),(2,'almacen'),(3,'administrador'),(4,'usuarios'),(5,'entregas'),(6,'facturas'),(7,'compras');
/*!40000 ALTER TABLE `departamentos` ENABLE KEYS */;
UNLOCK TABLES;

--
-- Table structure for table `empleados`
--

DROP TABLE IF EXISTS `empleados`;
/*!40101 SET @saved_cs_client     = @@character_set_client */;
/*!50503 SET character_set_client = utf8mb4 */;
CREATE TABLE `empleados` (
  `id_empleados` int(11) NOT NULL AUTO_INCREMENT,
  `nombre` varchar(20) NOT NULL,
  `apellido_paterno` varchar(25) NOT NULL,
  `apellido_materno` varchar(25) NOT NULL,
  `idacceso` int(11) NOT NULL,
  PRIMARY KEY (`id_empleados`),
  UNIQUE KEY `id_empleados_UNIQUE` (`id_empleados`),
  KEY `fk_empleados_acceso_idx` (`idacceso`),
  CONSTRAINT `fk_empleados_acceso` FOREIGN KEY (`idacceso`) REFERENCES `acceso` (`idacceso`) ON DELETE NO ACTION ON UPDATE NO ACTION
) ENGINE=InnoDB AUTO_INCREMENT=21 DEFAULT CHARSET=utf8;
/*!40101 SET character_set_client = @saved_cs_client */;

--
-- Dumping data for table `empleados`
--

LOCK TABLES `empleados` WRITE;
/*!40000 ALTER TABLE `empleados` DISABLE KEYS */;
INSERT INTO `empleados` VALUES (1,'Juan Carlos','Pedroza','Hernández',2),(2,'Rosa','Estrada','Ortega',3),(3,'Luis','Aguilar','Hernández',4),(4,'Juan Carlos','Pedroza ','Hernández',9),(5,'Jorge Luis','Díaz ','de León',10),(6,'pedro','Martin ','Del campo',11),(7,'Jorge ','Lomeli','Flores',12),(8,'José Luis','Hernández','Parada',13),(9,'CORONA PACIFICO ','Estrada','Hernández',20),(10,'CORONA PACIFICO ','Estrada','Ortega',25),(11,'CORONA PACIFICO ','Estrada','Ortega',36),(12,'Juan Carlos','Pedroza','Hernández',37),(13,'Cictor','Matrinez','campos',38),(14,'prueba','prrr','prrr',39),(15,'erbere','qerge','eqrger',40),(16,'pp','pp','pp',41),(17,'prueba  entregas ','juan enrtreegas ','juan entregas',42),(18,'jose',' martinez ','pedroza',43),(19,'pepe chyy ','gonzales ','hernandez ',44),(20,'sefwe','juan','wedf',45);
/*!40000 ALTER TABLE `empleados` ENABLE KEYS */;
UNLOCK TABLES;

--
-- Table structure for table `empleados_departamentos`
--

DROP TABLE IF EXISTS `empleados_departamentos`;
/*!40101 SET @saved_cs_client     = @@character_set_client */;
/*!50503 SET character_set_client = utf8mb4 */;
CREATE TABLE `empleados_departamentos` (
  `id_empleado_departamaneto` int(11) NOT NULL AUTO_INCREMENT,
  `id_empleados` int(11) NOT NULL,
  `id_departamento` int(11) NOT NULL,
  PRIMARY KEY (`id_empleado_departamaneto`),
  UNIQUE KEY `id_empleado_departamaneto_UNIQUE` (`id_empleado_departamaneto`),
  KEY `fk_empleados_has_departamentos_departamentos1_idx` (`id_departamento`),
  KEY `fk_empleados_has_departamentos_empleados1_idx` (`id_empleados`),
  CONSTRAINT `fk_empleados_has_departamentos_departamentos1` FOREIGN KEY (`id_departamento`) REFERENCES `departamentos` (`id_departamento`) ON DELETE NO ACTION ON UPDATE NO ACTION,
  CONSTRAINT `fk_empleados_has_departamentos_empleados1` FOREIGN KEY (`id_empleados`) REFERENCES `empleados` (`id_empleados`) ON DELETE NO ACTION ON UPDATE NO ACTION
) ENGINE=InnoDB AUTO_INCREMENT=186 DEFAULT CHARSET=utf8;
/*!40101 SET character_set_client = @saved_cs_client */;

--
-- Dumping data for table `empleados_departamentos`
--

LOCK TABLES `empleados_departamentos` WRITE;
/*!40000 ALTER TABLE `empleados_departamentos` DISABLE KEYS */;
INSERT INTO `empleados_departamentos` VALUES (136,9,1),(137,9,2),(138,9,3),(139,9,4),(140,9,5),(145,2,1),(146,2,2),(147,2,3),(148,2,4),(149,2,5),(150,2,6),(151,14,1),(152,14,2),(153,14,3),(154,14,4),(155,14,5),(156,14,6),(163,17,1),(164,17,4),(165,16,2),(166,16,4),(167,18,2),(168,18,4),(169,19,2),(170,19,4),(177,1,1),(178,1,2),(179,1,3),(180,1,4),(181,1,5),(182,1,6),(183,1,7),(184,20,7),(185,20,4);
/*!40000 ALTER TABLE `empleados_departamentos` ENABLE KEYS */;
UNLOCK TABLES;

--
-- Table structure for table `entregas`
--

DROP TABLE IF EXISTS `entregas`;
/*!40101 SET @saved_cs_client     = @@character_set_client */;
/*!50503 SET character_set_client = utf8mb4 */;
CREATE TABLE `entregas` (
  `idEntregas` int(11) NOT NULL AUTO_INCREMENT,
  `descripcion` varchar(30) DEFAULT NULL,
  `repartidor` int(11) DEFAULT NULL,
  `comprobante_ruta` varchar(100) DEFAULT NULL,
  `descripcion_entrega` varchar(100) DEFAULT NULL,
  `motivo_detencion` varchar(100) DEFAULT NULL,
  `idFactura` int(11) DEFAULT NULL,
  `id_pedido` int(11) DEFAULT NULL,
  PRIMARY KEY (`idEntregas`),
  KEY `id_pedido` (`id_pedido`),
  CONSTRAINT `entregas_ibfk_1` FOREIGN KEY (`id_pedido`) REFERENCES `pedidos` (`id_pedido`)
) ENGINE=InnoDB AUTO_INCREMENT=10 DEFAULT CHARSET=latin1;
/*!40101 SET character_set_client = @saved_cs_client */;

--
-- Dumping data for table `entregas`
--

LOCK TABLES `entregas` WRITE;
/*!40000 ALTER TABLE `entregas` DISABLE KEYS */;
INSERT INTO `entregas` VALUES (6,'YO PUEDO',9,'','','',7,1885),(7,'YO PUEDO',9,'','','',8,1886),(8,'',9,'','','',9,1888),(9,'',9,'','','',10,1890);
/*!40000 ALTER TABLE `entregas` ENABLE KEYS */;
UNLOCK TABLES;

--
-- Table structure for table `entregas_productos`
--

DROP TABLE IF EXISTS `entregas_productos`;
/*!40101 SET @saved_cs_client     = @@character_set_client */;
/*!50503 SET character_set_client = utf8mb4 */;
CREATE TABLE `entregas_productos` (
  `idEntregas_Producto` int(11) NOT NULL AUTO_INCREMENT,
  `idEntregas` int(11) DEFAULT NULL,
  `idProducto` int(11) DEFAULT NULL,
  PRIMARY KEY (`idEntregas_Producto`),
  KEY `idEntregas` (`idEntregas`),
  KEY `idProducto` (`idProducto`),
  CONSTRAINT `entregas_productos_ibfk_1` FOREIGN KEY (`idEntregas`) REFERENCES `entregas` (`idEntregas`),
  CONSTRAINT `entregas_productos_ibfk_2` FOREIGN KEY (`idProducto`) REFERENCES `productos` (`idProducto`)
) ENGINE=InnoDB AUTO_INCREMENT=206 DEFAULT CHARSET=latin1;
/*!40101 SET character_set_client = @saved_cs_client */;

--
-- Dumping data for table `entregas_productos`
--

LOCK TABLES `entregas_productos` WRITE;
/*!40000 ALTER TABLE `entregas_productos` DISABLE KEYS */;
INSERT INTO `entregas_productos` VALUES (137,6,2075260),(138,6,2075261),(139,6,2075262),(140,6,2075263),(141,6,2075267),(142,6,2075270),(143,6,2075271),(144,6,2075272),(145,6,2075274),(146,6,2075276),(147,6,2075277),(148,6,2075278),(149,6,2075280),(150,6,2075283),(151,6,2075284),(152,6,2075285),(153,6,2075286),(154,6,2075287),(155,6,2075288),(156,6,2075289),(157,6,2075290),(158,6,2075291),(159,6,2075292),(160,6,2075293),(161,6,2075294),(162,6,2075295),(163,6,2075296),(164,6,2075297),(165,6,2075298),(166,6,2075299),(167,6,2075300),(168,6,2075301),(169,6,2075302),(170,6,2075303),(171,6,2075304),(172,6,2075305),(173,6,2075306),(174,6,2075307),(175,6,2075308),(176,6,2075309),(177,6,2075310),(178,6,2075311),(179,6,2075312),(180,6,2075313),(181,6,2075314),(182,6,2075316),(183,6,2075317),(184,6,2075318),(185,6,2075319),(186,6,2075321),(187,6,2075322),(188,6,2075323),(189,6,2075324),(190,7,2075259),(191,7,2075264),(192,7,2075265),(193,7,2075266),(194,7,2075268),(195,7,2075269),(196,7,2075273),(197,7,2075275),(198,7,2075279),(199,7,2075281),(200,7,2075282),(201,7,2075315),(202,7,2075320),(203,8,2075264),(204,9,2075261),(205,9,2075263);
/*!40000 ALTER TABLE `entregas_productos` ENABLE KEYS */;
UNLOCK TABLES;

--
-- Table structure for table `facturas`
--

DROP TABLE IF EXISTS `facturas`;
/*!40101 SET @saved_cs_client     = @@character_set_client */;
/*!50503 SET character_set_client = utf8mb4 */;
CREATE TABLE `facturas` (
  `idFacutura` int(11) NOT NULL AUTO_INCREMENT,
  `id_pedido` int(11) DEFAULT NULL,
  `fecha_facturacion` datetime DEFAULT NULL,
  `numero_factura` varchar(30) DEFAULT NULL,
  PRIMARY KEY (`idFacutura`),
  KEY `id_pedido` (`id_pedido`),
  CONSTRAINT `facturas_ibfk_1` FOREIGN KEY (`id_pedido`) REFERENCES `pedidos` (`id_pedido`)
) ENGINE=InnoDB AUTO_INCREMENT=11 DEFAULT CHARSET=latin1;
/*!40101 SET character_set_client = @saved_cs_client */;

--
-- Dumping data for table `facturas`
--

LOCK TABLES `facturas` WRITE;
/*!40000 ALTER TABLE `facturas` DISABLE KEYS */;
INSERT INTO `facturas` VALUES (7,1885,'2020-09-10 11:32:00','AQERT56'),(8,1886,'2020-09-10 11:32:00','SDFGH456'),(9,1888,'2020-09-10 11:33:00','ASDFG'),(10,1890,'2020-09-10 11:34:00','DFGHJ');
/*!40000 ALTER TABLE `facturas` ENABLE KEYS */;
UNLOCK TABLES;

--
-- Table structure for table `faltantes`
--

DROP TABLE IF EXISTS `faltantes`;
/*!40101 SET @saved_cs_client     = @@character_set_client */;
/*!50503 SET character_set_client = utf8mb4 */;
CREATE TABLE `faltantes` (
  `idFaltante` int(11) NOT NULL AUTO_INCREMENT,
  `estatus` int(11) DEFAULT NULL,
  `fecha` datetime DEFAULT NULL,
  `facturaURL` varchar(300) DEFAULT NULL,
  `factura` varchar(20) DEFAULT NULL,
  PRIMARY KEY (`idFaltante`)
) ENGINE=InnoDB AUTO_INCREMENT=100 DEFAULT CHARSET=latin1;
/*!40101 SET character_set_client = @saved_cs_client */;

--
-- Dumping data for table `faltantes`
--

LOCK TABLES `faltantes` WRITE;
/*!40000 ALTER TABLE `faltantes` DISABLE KEYS */;
INSERT INTO `faltantes` VALUES (95,2,'2020-09-10 10:40:45','',''),(96,1,'2020-09-10 11:18:28','',''),(97,1,'2020-09-10 11:21:20','',''),(98,1,'2020-09-10 11:22:31','',''),(99,0,'2020-09-10 11:23:08','','');
/*!40000 ALTER TABLE `faltantes` ENABLE KEYS */;
UNLOCK TABLES;

--
-- Table structure for table `faltantes_partidas`
--

DROP TABLE IF EXISTS `faltantes_partidas`;
/*!40101 SET @saved_cs_client     = @@character_set_client */;
/*!50503 SET character_set_client = utf8mb4 */;
CREATE TABLE `faltantes_partidas` (
  `idFaltantePartida` int(11) NOT NULL AUTO_INCREMENT,
  `id_partidas_productos` int(11) DEFAULT NULL,
  `idFaltante` int(11) DEFAULT NULL,
  `estatus` int(11) DEFAULT NULL,
  `cantidad_surtida` int(11) DEFAULT NULL,
  PRIMARY KEY (`idFaltantePartida`),
  KEY `idFaltante` (`idFaltante`),
  KEY `id_partidas_productos` (`id_partidas_productos`),
  CONSTRAINT `faltantes_partidas_ibfk_2` FOREIGN KEY (`idFaltante`) REFERENCES `faltantes` (`idFaltante`),
  CONSTRAINT `faltantes_partidas_ibfk_3` FOREIGN KEY (`id_partidas_productos`) REFERENCES `partidas_productos` (`id_partidas_productos`)
) ENGINE=InnoDB AUTO_INCREMENT=3663 DEFAULT CHARSET=latin1;
/*!40101 SET character_set_client = @saved_cs_client */;

--
-- Dumping data for table `faltantes_partidas`
--

LOCK TABLES `faltantes_partidas` WRITE;
/*!40000 ALTER TABLE `faltantes_partidas` DISABLE KEYS */;
INSERT INTO `faltantes_partidas` VALUES (3394,24773,95,2,30),(3395,24774,95,2,500),(3396,24775,95,2,500),(3397,24776,95,2,500),(3398,24777,95,2,200),(3399,24778,95,2,200),(3400,24779,95,2,200),(3401,24780,95,2,200),(3402,24781,95,2,200),(3403,24782,95,2,100),(3404,24783,95,2,38),(3405,24784,95,2,200),(3406,24785,95,2,50),(3407,24918,96,0,0),(3408,24919,96,2,30),(3409,24920,96,0,0),(3410,24921,96,2,2000),(3411,24922,96,0,0),(3412,24923,96,0,0),(3413,24924,96,0,0),(3414,24925,96,0,0),(3415,24926,96,0,0),(3416,24927,96,0,0),(3417,24928,96,0,0),(3418,24929,96,0,0),(3419,24930,96,0,0),(3420,24931,96,0,0),(3421,24932,96,0,0),(3422,24933,96,0,0),(3423,24934,96,0,0),(3424,24935,96,0,0),(3425,24936,96,0,0),(3426,24937,96,0,0),(3427,24938,96,0,0),(3428,24939,96,0,0),(3429,24940,96,0,0),(3430,24941,96,0,0),(3431,24942,96,0,0),(3432,24943,96,0,0),(3433,24944,96,0,0),(3434,24945,96,0,0),(3435,24946,96,0,0),(3436,24947,96,0,0),(3437,24948,96,0,0),(3438,24949,96,0,0),(3439,24950,96,0,0),(3440,24951,96,0,0),(3441,24952,96,0,0),(3442,24953,96,0,0),(3443,24954,96,0,0),(3444,24955,96,0,0),(3445,24956,96,0,0),(3446,24957,96,0,0),(3447,24958,96,0,0),(3448,24959,96,0,0),(3449,24960,96,0,0),(3450,24961,96,0,0),(3451,24962,96,0,0),(3452,24963,96,0,0),(3453,24964,96,0,0),(3454,24965,96,0,0),(3455,24966,96,0,0),(3456,24967,96,0,0),(3457,24968,96,0,0),(3458,24969,96,0,0),(3459,24970,96,0,0),(3460,24971,96,0,0),(3461,24972,96,0,0),(3462,24973,96,0,0),(3463,24974,96,0,0),(3464,24975,96,0,0),(3465,24976,96,0,0),(3466,24977,96,0,0),(3467,24978,96,0,0),(3468,24979,96,0,0),(3469,24980,96,0,0),(3470,24981,96,0,0),(3471,24982,96,0,0),(3472,25049,97,0,0),(3473,25050,97,0,0),(3474,25051,97,0,0),(3475,25052,97,0,0),(3476,25053,97,0,0),(3477,25054,97,0,0),(3478,25055,97,0,0),(3479,25056,97,2,200),(3480,25057,97,0,0),(3481,25058,97,2,100),(3482,25059,97,2,100),(3483,25060,97,0,0),(3484,25061,97,0,0),(3485,25062,97,0,0),(3486,25063,97,0,0),(3487,25064,97,0,0),(3488,25065,97,0,0),(3489,25066,97,0,0),(3490,25067,97,0,0),(3491,25068,97,0,0),(3492,25069,97,0,0),(3493,25070,97,0,0),(3494,25071,97,0,0),(3495,25072,97,0,0),(3496,25073,97,0,0),(3497,25074,97,0,0),(3498,25075,97,0,0),(3499,25076,97,0,0),(3500,25077,97,0,0),(3501,25078,97,0,0),(3502,25079,97,0,0),(3503,25080,97,0,0),(3504,25081,97,0,0),(3505,25082,97,0,0),(3506,25083,97,0,0),(3507,25084,97,0,0),(3508,25085,97,0,0),(3509,25086,97,0,0),(3510,25087,97,0,0),(3511,25088,97,0,0),(3512,25089,97,0,0),(3513,25090,97,0,0),(3514,25091,97,0,0),(3515,25092,97,0,0),(3516,25093,97,0,0),(3517,25094,97,0,0),(3518,25095,97,0,0),(3519,25096,97,0,0),(3520,25097,97,0,0),(3521,25098,97,0,0),(3522,25099,97,0,0),(3523,25100,97,0,0),(3524,25101,97,0,0),(3525,25102,97,0,0),(3526,25103,97,0,0),(3527,25104,97,0,0),(3528,25105,97,0,0),(3529,25106,97,0,0),(3530,25107,97,0,0),(3531,25108,97,0,0),(3532,25109,97,0,0),(3533,25110,97,0,0),(3534,25111,97,0,0),(3535,25112,97,0,0),(3536,25113,98,2,30),(3537,25114,98,2,30),(3538,25115,98,2,2000),(3539,25116,98,2,2000),(3540,25117,98,2,5000),(3541,25118,98,0,0),(3542,25119,98,2,500),(3543,25120,98,2,500),(3544,25121,98,2,200),(3545,25122,98,2,200),(3546,25123,98,1,15),(3547,25124,98,2,100),(3548,25125,98,2,100),(3549,25126,98,2,100),(3550,25127,98,2,200),(3551,25128,98,2,200),(3552,25129,98,2,200),(3553,25130,98,2,200),(3554,25131,98,2,100),(3555,25132,98,2,100),(3556,25133,98,2,200),(3557,25134,98,2,200),(3558,25135,98,2,100),(3559,25136,98,2,50),(3560,25137,98,2,50),(3561,25138,98,2,50),(3562,25139,98,2,30),(3563,25140,98,2,200),(3564,25141,98,2,200),(3565,25142,98,2,200),(3566,25143,98,2,50),(3567,25144,98,2,50),(3568,25145,98,2,50),(3569,25146,98,2,50),(3570,25147,98,2,50),(3571,25148,98,2,50),(3572,25149,98,2,50),(3573,25150,98,2,50),(3574,25151,98,2,50),(3575,25152,98,2,30),(3576,25153,98,2,20),(3577,25154,98,2,20),(3578,25155,98,2,20),(3579,25156,98,2,20),(3580,25157,98,2,20),(3581,25158,98,2,20),(3582,25159,98,2,20),(3583,25160,98,2,10),(3584,25161,98,2,10),(3585,25162,98,2,10),(3586,25163,98,2,50),(3587,25164,98,2,50),(3588,25165,98,2,50),(3589,25166,98,2,50),(3590,25167,98,2,50),(3591,25168,98,2,200),(3592,25169,98,2,200),(3593,25170,98,2,30),(3594,25171,98,2,50),(3595,25172,98,2,50),(3596,25173,98,2,50),(3597,25174,98,2,50),(3598,25175,98,2,50),(3599,25176,98,2,50),(3600,25177,98,2,50),(3601,25178,98,2,50),(3602,25179,99,0,NULL),(3603,25180,99,0,NULL),(3604,25181,99,0,NULL),(3605,25182,99,0,NULL),(3606,25183,99,0,NULL),(3607,25184,99,0,NULL),(3608,25185,99,0,NULL),(3609,25186,99,0,NULL),(3610,25187,99,0,NULL),(3611,25188,99,0,NULL),(3612,25189,99,0,NULL),(3613,25190,99,0,NULL),(3614,25191,99,0,NULL),(3615,25192,99,0,NULL),(3616,25193,99,0,NULL),(3617,25194,99,0,NULL),(3618,25195,99,0,NULL),(3619,25196,99,0,NULL),(3620,25197,99,0,NULL),(3621,25198,99,0,NULL),(3622,25199,99,0,NULL),(3623,25200,99,0,NULL),(3624,25201,99,0,NULL),(3625,25202,99,0,NULL),(3626,25203,99,0,NULL),(3627,25204,99,0,NULL),(3628,25205,99,0,NULL),(3629,25206,99,0,NULL),(3630,25207,99,0,NULL),(3631,25208,99,0,NULL),(3632,25209,99,0,NULL),(3633,25210,99,0,NULL),(3634,25211,99,0,NULL),(3635,25212,99,0,NULL),(3636,25213,99,0,NULL),(3637,25214,99,0,NULL),(3638,25215,99,0,NULL),(3639,25216,99,0,NULL),(3640,25217,99,0,NULL),(3641,25218,99,0,NULL),(3642,25219,99,0,NULL),(3643,25220,99,0,NULL),(3644,25221,99,0,NULL),(3645,25222,99,0,NULL),(3646,25223,99,0,NULL),(3647,25224,99,0,NULL),(3648,25225,99,0,NULL),(3649,25226,99,0,NULL),(3650,25227,99,0,NULL),(3651,25228,99,0,NULL),(3652,25229,99,0,NULL),(3653,25230,99,0,NULL),(3654,25231,99,0,NULL),(3655,25232,99,0,NULL),(3656,25233,99,0,NULL),(3657,25234,99,0,NULL),(3658,25235,99,0,NULL),(3659,25236,99,0,NULL),(3660,25237,99,0,NULL),(3661,25238,99,0,NULL),(3662,25239,99,0,NULL);
/*!40000 ALTER TABLE `faltantes_partidas` ENABLE KEYS */;
UNLOCK TABLES;

--
-- Table structure for table `log`
--

DROP TABLE IF EXISTS `log`;
/*!40101 SET @saved_cs_client     = @@character_set_client */;
/*!50503 SET character_set_client = utf8mb4 */;
CREATE TABLE `log` (
  `idLog` int(11) NOT NULL AUTO_INCREMENT,
  `id_pedido` int(11) DEFAULT NULL,
  `cambio_estado` datetime DEFAULT NULL,
  `estado` int(11) DEFAULT NULL,
  `id_empleados` int(11) DEFAULT NULL,
  PRIMARY KEY (`idLog`),
  KEY `id_pedido` (`id_pedido`),
  CONSTRAINT `log_ibfk_1` FOREIGN KEY (`id_pedido`) REFERENCES `pedidos` (`id_pedido`)
) ENGINE=InnoDB AUTO_INCREMENT=137 DEFAULT CHARSET=latin1;
/*!40101 SET character_set_client = @saved_cs_client */;

--
-- Dumping data for table `log`
--

LOCK TABLES `log` WRITE;
/*!40000 ALTER TABLE `log` DISABLE KEYS */;
INSERT INTO `log` VALUES (101,1885,'2020-09-10 10:40:02',1,1),(102,1885,'2020-09-10 10:40:11',2,1),(103,1885,'2020-09-10 10:40:45',3,1),(104,1886,'2020-09-10 10:40:45',5,1),(105,1886,'2020-09-10 10:40:50',13,1),(106,1886,'2020-09-10 10:47:41',3,1),(107,1887,'2020-09-10 11:03:50',1,1),(108,1887,'2020-09-10 11:03:55',2,1),(109,1888,'2020-09-10 11:18:07',1,1),(110,1888,'2020-09-10 11:18:21',2,1),(111,1888,'2020-09-10 11:18:27',3,1),(112,1889,'2020-09-10 11:18:28',5,1),(113,1889,'2020-09-10 11:18:44',13,1),(114,1890,'2020-09-10 11:21:07',1,1),(115,1890,'2020-09-10 11:21:13',2,1),(116,1890,'2020-09-10 11:21:20',3,1),(117,1891,'2020-09-10 11:21:20',5,1),(118,1892,'2020-09-10 11:22:21',1,1),(119,1892,'2020-09-10 11:22:29',2,1),(120,1892,'2020-09-10 11:22:31',5,1),(121,1891,'2020-09-10 11:22:57',13,1),(122,1891,'2020-09-10 11:23:08',3,1),(123,1893,'2020-09-10 11:23:08',5,1),(124,1892,'2020-09-10 11:26:42',13,1),(125,1885,'2020-09-10 11:32:00',8,1),(126,1885,'2020-09-10 11:32:00',9,1),(127,1886,'2020-09-10 11:32:00',8,1),(128,1886,'2020-09-10 11:33:00',9,1),(129,1885,'2020-09-10 11:33:00',10,1),(130,1886,'2020-09-10 11:33:00',10,1),(131,1888,'2020-09-10 11:33:00',8,1),(132,1888,'2020-09-10 11:34:00',9,1),(133,1890,'2020-09-10 11:34:00',8,1),(134,1890,'2020-09-10 11:34:00',9,1),(135,1888,'2020-09-10 11:34:00',10,1),(136,1890,'2020-09-10 11:34:00',10,1);
/*!40000 ALTER TABLE `log` ENABLE KEYS */;
UNLOCK TABLES;

--
-- Table structure for table `log_faltantes`
--

DROP TABLE IF EXISTS `log_faltantes`;
/*!40101 SET @saved_cs_client     = @@character_set_client */;
/*!50503 SET character_set_client = utf8mb4 */;
CREATE TABLE `log_faltantes` (
  `idLogFaltantes` int(11) NOT NULL AUTO_INCREMENT,
  `idFaltantePartida` int(11) DEFAULT NULL,
  `estado` int(11) DEFAULT NULL,
  `cambio_estado` datetime DEFAULT NULL,
  `id_empleado` int(11) DEFAULT NULL,
  PRIMARY KEY (`idLogFaltantes`),
  KEY `idFaltantePartida` (`idFaltantePartida`),
  CONSTRAINT `log_faltantes_ibfk_1` FOREIGN KEY (`idFaltantePartida`) REFERENCES `faltantes_partidas` (`idFaltantePartida`)
) ENGINE=InnoDB DEFAULT CHARSET=latin1;
/*!40101 SET character_set_client = @saved_cs_client */;

--
-- Dumping data for table `log_faltantes`
--

LOCK TABLES `log_faltantes` WRITE;
/*!40000 ALTER TABLE `log_faltantes` DISABLE KEYS */;
/*!40000 ALTER TABLE `log_faltantes` ENABLE KEYS */;
UNLOCK TABLES;

--
-- Table structure for table `modulos`
--

DROP TABLE IF EXISTS `modulos`;
/*!40101 SET @saved_cs_client     = @@character_set_client */;
/*!50503 SET character_set_client = utf8mb4 */;
CREATE TABLE `modulos` (
  `idmodulo` int(11) NOT NULL AUTO_INCREMENT,
  `nombre` varchar(30) DEFAULT NULL,
  `direccion` varchar(30) DEFAULT NULL,
  `descripcion` varchar(50) DEFAULT NULL,
  `id_departamento` int(11) DEFAULT NULL,
  PRIMARY KEY (`idmodulo`),
  KEY `id_departamento` (`id_departamento`),
  CONSTRAINT `modulos_ibfk_1` FOREIGN KEY (`id_departamento`) REFERENCES `departamentos` (`id_departamento`)
) ENGINE=InnoDB AUTO_INCREMENT=8 DEFAULT CHARSET=utf8mb4;
/*!40101 SET character_set_client = @saved_cs_client */;

--
-- Dumping data for table `modulos`
--

LOCK TABLES `modulos` WRITE;
/*!40000 ALTER TABLE `modulos` DISABLE KEYS */;
INSERT INTO `modulos` VALUES (1,'Pedidos','/ventas','Ingresar los pedidos',1),(3,'Almacen','/almacen',NULL,2),(4,'Admin','/admin',NULL,3),(5,'User','/user',NULL,4),(6,'Entregas','/entregas',NULL,5),(7,'Compras','/compras',NULL,7);
/*!40000 ALTER TABLE `modulos` ENABLE KEYS */;
UNLOCK TABLES;

--
-- Table structure for table `partidas`
--

DROP TABLE IF EXISTS `partidas`;
/*!40101 SET @saved_cs_client     = @@character_set_client */;
/*!50503 SET character_set_client = utf8mb4 */;
CREATE TABLE `partidas` (
  `idPartida` int(11) NOT NULL AUTO_INCREMENT,
  `id_pedido` int(11) DEFAULT NULL,
  `status` int(11) DEFAULT NULL,
  PRIMARY KEY (`idPartida`),
  KEY `fk_pedidos` (`id_pedido`),
  CONSTRAINT `fk_pedidos` FOREIGN KEY (`id_pedido`) REFERENCES `pedidos` (`id_pedido`)
) ENGINE=InnoDB AUTO_INCREMENT=1031 DEFAULT CHARSET=latin1;
/*!40101 SET character_set_client = @saved_cs_client */;

--
-- Dumping data for table `partidas`
--

LOCK TABLES `partidas` WRITE;
/*!40000 ALTER TABLE `partidas` DISABLE KEYS */;
INSERT INTO `partidas` VALUES (1022,1885,1),(1023,1886,1),(1024,1887,1),(1025,1888,1),(1026,1889,1),(1027,1890,1),(1028,1891,1),(1029,1892,1),(1030,1893,1);
/*!40000 ALTER TABLE `partidas` ENABLE KEYS */;
UNLOCK TABLES;

--
-- Table structure for table `partidas_productos`
--

DROP TABLE IF EXISTS `partidas_productos`;
/*!40101 SET @saved_cs_client     = @@character_set_client */;
/*!50503 SET character_set_client = utf8mb4 */;
CREATE TABLE `partidas_productos` (
  `id_partidas_productos` int(11) NOT NULL AUTO_INCREMENT,
  `idPartida` int(11) DEFAULT NULL,
  `idProducto` int(11) DEFAULT NULL,
  `cantidad` int(11) DEFAULT NULL,
  `cantidad_surtida` int(11) DEFAULT NULL,
  PRIMARY KEY (`id_partidas_productos`),
  KEY `fk_partidas` (`idPartida`),
  KEY `fk_productos` (`idProducto`),
  CONSTRAINT `fk_partidas` FOREIGN KEY (`idPartida`) REFERENCES `partidas` (`idPartida`),
  CONSTRAINT `fk_productos` FOREIGN KEY (`idProducto`) REFERENCES `productos` (`idProducto`)
) ENGINE=InnoDB AUTO_INCREMENT=25240 DEFAULT CHARSET=latin1;
/*!40101 SET character_set_client = @saved_cs_client */;

--
-- Dumping data for table `partidas_productos`
--

LOCK TABLES `partidas_productos` WRITE;
/*!40000 ALTER TABLE `partidas_productos` DISABLE KEYS */;
INSERT INTO `partidas_productos` VALUES (24707,1022,2075259,30,0),(24708,1022,2075260,30,30),(24709,1022,2075261,2000,2000),(24710,1022,2075262,2000,2000),(24711,1022,2075263,5000,5000),(24712,1022,2075264,500,0),(24713,1022,2075265,500,0),(24714,1022,2075266,500,0),(24715,1022,2075267,200,200),(24716,1022,2075268,200,0),(24717,1022,2075269,200,0),(24718,1022,2075270,100,100),(24719,1022,2075271,100,100),(24720,1022,2075272,100,100),(24721,1022,2075273,200,0),(24722,1022,2075274,200,200),(24723,1022,2075275,200,0),(24724,1022,2075276,200,200),(24725,1022,2075277,100,100),(24726,1022,2075278,100,100),(24727,1022,2075279,200,0),(24728,1022,2075280,200,200),(24729,1022,2075281,100,0),(24730,1022,2075282,50,12),(24731,1022,2075283,50,50),(24732,1022,2075284,50,50),(24733,1022,2075285,30,30),(24734,1022,2075286,200,200),(24735,1022,2075287,200,200),(24736,1022,2075288,200,200),(24737,1022,2075289,50,50),(24738,1022,2075290,50,50),(24739,1022,2075291,50,50),(24740,1022,2075292,50,50),(24741,1022,2075293,50,50),(24742,1022,2075294,50,50),(24743,1022,2075295,50,50),(24744,1022,2075296,50,50),(24745,1022,2075297,50,50),(24746,1022,2075298,30,30),(24747,1022,2075299,20,20),(24748,1022,2075300,20,20),(24749,1022,2075301,20,20),(24750,1022,2075302,20,20),(24751,1022,2075303,20,20),(24752,1022,2075304,20,20),(24753,1022,2075305,20,20),(24754,1022,2075306,10,10),(24755,1022,2075307,10,10),(24756,1022,2075308,10,10),(24757,1022,2075309,50,50),(24758,1022,2075310,50,50),(24759,1022,2075311,50,50),(24760,1022,2075312,50,50),(24761,1022,2075313,50,50),(24762,1022,2075314,200,200),(24763,1022,2075315,200,0),(24764,1022,2075316,30,30),(24765,1022,2075317,50,50),(24766,1022,2075318,50,50),(24767,1022,2075319,50,50),(24768,1022,2075320,50,0),(24769,1022,2075321,50,50),(24770,1022,2075322,50,50),(24771,1022,2075323,50,50),(24772,1022,2075324,50,50),(24773,1023,2075259,30,30),(24774,1023,2075264,500,500),(24775,1023,2075265,500,500),(24776,1023,2075266,500,500),(24777,1023,2075268,200,200),(24778,1023,2075269,200,200),(24779,1023,2075273,200,200),(24780,1023,2075275,200,200),(24781,1023,2075279,200,200),(24782,1023,2075281,100,100),(24783,1023,2075282,38,38),(24784,1023,2075315,200,200),(24785,1023,2075320,50,50),(24786,1024,2075259,30,0),(24787,1024,2075260,30,30),(24788,1024,2075261,2000,0),(24789,1024,2075262,2000,2000),(24790,1024,2075263,5000,0),(24791,1024,2075264,500,0),(24792,1024,2075265,500,0),(24793,1024,2075266,500,0),(24794,1024,2075267,200,0),(24795,1024,2075268,200,0),(24796,1024,2075269,200,0),(24797,1024,2075270,100,0),(24798,1024,2075271,100,0),(24799,1024,2075272,100,100),(24800,1024,2075273,200,0),(24801,1024,2075274,200,0),(24802,1024,2075275,200,0),(24803,1024,2075276,200,0),(24804,1024,2075277,100,0),(24805,1024,2075278,100,0),(24806,1024,2075279,200,0),(24807,1024,2075280,200,0),(24808,1024,2075281,100,0),(24809,1024,2075282,50,0),(24810,1024,2075283,50,0),(24811,1024,2075284,50,0),(24812,1024,2075285,30,0),(24813,1024,2075286,200,0),(24814,1024,2075287,200,0),(24815,1024,2075288,200,0),(24816,1024,2075289,50,0),(24817,1024,2075290,50,0),(24818,1024,2075291,50,0),(24819,1024,2075292,50,0),(24820,1024,2075293,50,0),(24821,1024,2075294,50,0),(24822,1024,2075295,50,0),(24823,1024,2075296,50,0),(24824,1024,2075297,50,0),(24825,1024,2075298,30,0),(24826,1024,2075299,20,0),(24827,1024,2075300,20,0),(24828,1024,2075301,20,0),(24829,1024,2075302,20,0),(24830,1024,2075303,20,0),(24831,1024,2075304,20,0),(24832,1024,2075305,20,0),(24833,1024,2075306,10,0),(24834,1024,2075307,10,0),(24835,1024,2075308,10,0),(24836,1024,2075309,50,0),(24837,1024,2075310,50,0),(24838,1024,2075311,50,0),(24839,1024,2075312,50,0),(24840,1024,2075313,50,0),(24841,1024,2075314,200,0),(24842,1024,2075315,200,0),(24843,1024,2075316,30,0),(24844,1024,2075317,50,0),(24845,1024,2075318,50,0),(24846,1024,2075319,50,0),(24847,1024,2075320,50,0),(24848,1024,2075321,50,0),(24849,1024,2075322,50,0),(24850,1024,2075323,50,0),(24851,1024,2075324,50,0),(24852,1025,2075259,30,0),(24853,1025,2075260,30,0),(24854,1025,2075261,2000,0),(24855,1025,2075262,2000,0),(24856,1025,2075263,5000,0),(24857,1025,2075264,500,500),(24858,1025,2075265,500,0),(24859,1025,2075266,500,0),(24860,1025,2075267,200,0),(24861,1025,2075268,200,0),(24862,1025,2075269,200,0),(24863,1025,2075270,100,0),(24864,1025,2075271,100,0),(24865,1025,2075272,100,0),(24866,1025,2075273,200,0),(24867,1025,2075274,200,0),(24868,1025,2075275,200,0),(24869,1025,2075276,200,0),(24870,1025,2075277,100,0),(24871,1025,2075278,100,0),(24872,1025,2075279,200,0),(24873,1025,2075280,200,0),(24874,1025,2075281,100,0),(24875,1025,2075282,50,0),(24876,1025,2075283,50,0),(24877,1025,2075284,50,0),(24878,1025,2075285,30,0),(24879,1025,2075286,200,0),(24880,1025,2075287,200,0),(24881,1025,2075288,200,0),(24882,1025,2075289,50,0),(24883,1025,2075290,50,0),(24884,1025,2075291,50,0),(24885,1025,2075292,50,0),(24886,1025,2075293,50,0),(24887,1025,2075294,50,0),(24888,1025,2075295,50,0),(24889,1025,2075296,50,0),(24890,1025,2075297,50,0),(24891,1025,2075298,30,0),(24892,1025,2075299,20,0),(24893,1025,2075300,20,0),(24894,1025,2075301,20,0),(24895,1025,2075302,20,0),(24896,1025,2075303,20,0),(24897,1025,2075304,20,0),(24898,1025,2075305,20,0),(24899,1025,2075306,10,0),(24900,1025,2075307,10,0),(24901,1025,2075308,10,0),(24902,1025,2075309,50,0),(24903,1025,2075310,50,0),(24904,1025,2075311,50,0),(24905,1025,2075312,50,0),(24906,1025,2075313,50,0),(24907,1025,2075314,200,0),(24908,1025,2075315,200,0),(24909,1025,2075316,30,0),(24910,1025,2075317,50,0),(24911,1025,2075318,50,0),(24912,1025,2075319,50,0),(24913,1025,2075320,50,0),(24914,1025,2075321,50,0),(24915,1025,2075322,50,0),(24916,1025,2075323,50,0),(24917,1025,2075324,50,0),(24918,1026,2075259,30,0),(24919,1026,2075260,30,30),(24920,1026,2075261,2000,0),(24921,1026,2075262,2000,2000),(24922,1026,2075263,5000,0),(24923,1026,2075265,500,0),(24924,1026,2075266,500,0),(24925,1026,2075267,200,0),(24926,1026,2075268,200,0),(24927,1026,2075269,200,0),(24928,1026,2075270,100,0),(24929,1026,2075271,100,0),(24930,1026,2075272,100,0),(24931,1026,2075273,200,0),(24932,1026,2075274,200,0),(24933,1026,2075275,200,0),(24934,1026,2075276,200,0),(24935,1026,2075277,100,0),(24936,1026,2075278,100,0),(24937,1026,2075279,200,0),(24938,1026,2075280,200,0),(24939,1026,2075281,100,0),(24940,1026,2075282,50,0),(24941,1026,2075283,50,0),(24942,1026,2075284,50,0),(24943,1026,2075285,30,0),(24944,1026,2075286,200,0),(24945,1026,2075287,200,0),(24946,1026,2075288,200,0),(24947,1026,2075289,50,0),(24948,1026,2075290,50,0),(24949,1026,2075291,50,0),(24950,1026,2075292,50,0),(24951,1026,2075293,50,0),(24952,1026,2075294,50,0),(24953,1026,2075295,50,0),(24954,1026,2075296,50,0),(24955,1026,2075297,50,0),(24956,1026,2075298,30,0),(24957,1026,2075299,20,0),(24958,1026,2075300,20,0),(24959,1026,2075301,20,0),(24960,1026,2075302,20,0),(24961,1026,2075303,20,0),(24962,1026,2075304,20,0),(24963,1026,2075305,20,0),(24964,1026,2075306,10,0),(24965,1026,2075307,10,0),(24966,1026,2075308,10,0),(24967,1026,2075309,50,0),(24968,1026,2075310,50,0),(24969,1026,2075311,50,0),(24970,1026,2075312,50,0),(24971,1026,2075313,50,0),(24972,1026,2075314,200,0),(24973,1026,2075315,200,0),(24974,1026,2075316,30,0),(24975,1026,2075317,50,0),(24976,1026,2075318,50,0),(24977,1026,2075319,50,0),(24978,1026,2075320,50,0),(24979,1026,2075321,50,0),(24980,1026,2075322,50,0),(24981,1026,2075323,50,0),(24982,1026,2075324,50,0),(24983,1027,2075259,30,0),(24984,1027,2075260,30,0),(24985,1027,2075261,2000,2000),(24986,1027,2075262,2000,0),(24987,1027,2075263,5000,5000),(24988,1027,2075264,500,0),(24989,1027,2075265,500,0),(24990,1027,2075266,500,0),(24991,1027,2075267,200,0),(24992,1027,2075268,200,0),(24993,1027,2075269,200,0),(24994,1027,2075270,100,0),(24995,1027,2075271,100,0),(24996,1027,2075272,100,0),(24997,1027,2075273,200,0),(24998,1027,2075274,200,0),(24999,1027,2075275,200,0),(25000,1027,2075276,200,0),(25001,1027,2075277,100,0),(25002,1027,2075278,100,0),(25003,1027,2075279,200,0),(25004,1027,2075280,200,0),(25005,1027,2075281,100,0),(25006,1027,2075282,50,0),(25007,1027,2075283,50,0),(25008,1027,2075284,50,0),(25009,1027,2075285,30,0),(25010,1027,2075286,200,0),(25011,1027,2075287,200,0),(25012,1027,2075288,200,0),(25013,1027,2075289,50,0),(25014,1027,2075290,50,0),(25015,1027,2075291,50,0),(25016,1027,2075292,50,0),(25017,1027,2075293,50,0),(25018,1027,2075294,50,0),(25019,1027,2075295,50,0),(25020,1027,2075296,50,0),(25021,1027,2075297,50,0),(25022,1027,2075298,30,0),(25023,1027,2075299,20,0),(25024,1027,2075300,20,0),(25025,1027,2075301,20,0),(25026,1027,2075302,20,0),(25027,1027,2075303,20,0),(25028,1027,2075304,20,0),(25029,1027,2075305,20,0),(25030,1027,2075306,10,0),(25031,1027,2075307,10,0),(25032,1027,2075308,10,0),(25033,1027,2075309,50,0),(25034,1027,2075310,50,0),(25035,1027,2075311,50,0),(25036,1027,2075312,50,0),(25037,1027,2075313,50,0),(25038,1027,2075314,200,0),(25039,1027,2075315,200,0),(25040,1027,2075316,30,0),(25041,1027,2075317,50,0),(25042,1027,2075318,50,0),(25043,1027,2075319,50,0),(25044,1027,2075320,50,0),(25045,1027,2075321,50,0),(25046,1027,2075322,50,0),(25047,1027,2075323,50,0),(25048,1027,2075324,50,0),(25049,1028,2075259,30,0),(25050,1028,2075260,30,0),(25051,1028,2075262,2000,0),(25052,1028,2075264,500,0),(25053,1028,2075265,500,0),(25054,1028,2075266,500,0),(25055,1028,2075267,200,0),(25056,1028,2075268,200,200),(25057,1028,2075269,200,0),(25058,1028,2075270,100,100),(25059,1028,2075271,100,100),(25060,1028,2075272,100,0),(25061,1028,2075273,200,0),(25062,1028,2075274,200,0),(25063,1028,2075275,200,0),(25064,1028,2075276,200,0),(25065,1028,2075277,100,0),(25066,1028,2075278,100,0),(25067,1028,2075279,200,0),(25068,1028,2075280,200,0),(25069,1028,2075281,100,0),(25070,1028,2075282,50,0),(25071,1028,2075283,50,0),(25072,1028,2075284,50,0),(25073,1028,2075285,30,0),(25074,1028,2075286,200,0),(25075,1028,2075287,200,0),(25076,1028,2075288,200,0),(25077,1028,2075289,50,0),(25078,1028,2075290,50,0),(25079,1028,2075291,50,0),(25080,1028,2075292,50,0),(25081,1028,2075293,50,0),(25082,1028,2075294,50,0),(25083,1028,2075295,50,0),(25084,1028,2075296,50,0),(25085,1028,2075297,50,0),(25086,1028,2075298,30,0),(25087,1028,2075299,20,0),(25088,1028,2075300,20,0),(25089,1028,2075301,20,0),(25090,1028,2075302,20,0),(25091,1028,2075303,20,0),(25092,1028,2075304,20,0),(25093,1028,2075305,20,0),(25094,1028,2075306,10,0),(25095,1028,2075307,10,0),(25096,1028,2075308,10,0),(25097,1028,2075309,50,0),(25098,1028,2075310,50,0),(25099,1028,2075311,50,0),(25100,1028,2075312,50,0),(25101,1028,2075313,50,0),(25102,1028,2075314,200,0),(25103,1028,2075315,200,0),(25104,1028,2075316,30,0),(25105,1028,2075317,50,0),(25106,1028,2075318,50,0),(25107,1028,2075319,50,0),(25108,1028,2075320,50,0),(25109,1028,2075321,50,0),(25110,1028,2075322,50,0),(25111,1028,2075323,50,0),(25112,1028,2075324,50,0),(25113,1029,2075259,30,30),(25114,1029,2075260,30,30),(25115,1029,2075261,2000,2000),(25116,1029,2075262,2000,2000),(25117,1029,2075263,5000,5000),(25118,1029,2075264,500,0),(25119,1029,2075265,500,500),(25120,1029,2075266,500,500),(25121,1029,2075267,200,200),(25122,1029,2075268,200,200),(25123,1029,2075269,200,15),(25124,1029,2075270,100,100),(25125,1029,2075271,100,100),(25126,1029,2075272,100,100),(25127,1029,2075273,200,200),(25128,1029,2075274,200,200),(25129,1029,2075275,200,200),(25130,1029,2075276,200,200),(25131,1029,2075277,100,100),(25132,1029,2075278,100,100),(25133,1029,2075279,200,200),(25134,1029,2075280,200,200),(25135,1029,2075281,100,100),(25136,1029,2075282,50,50),(25137,1029,2075283,50,50),(25138,1029,2075284,50,50),(25139,1029,2075285,30,30),(25140,1029,2075286,200,200),(25141,1029,2075287,200,200),(25142,1029,2075288,200,200),(25143,1029,2075289,50,50),(25144,1029,2075290,50,50),(25145,1029,2075291,50,50),(25146,1029,2075292,50,50),(25147,1029,2075293,50,50),(25148,1029,2075294,50,50),(25149,1029,2075295,50,50),(25150,1029,2075296,50,50),(25151,1029,2075297,50,50),(25152,1029,2075298,30,30),(25153,1029,2075299,20,20),(25154,1029,2075300,20,20),(25155,1029,2075301,20,20),(25156,1029,2075302,20,20),(25157,1029,2075303,20,20),(25158,1029,2075304,20,20),(25159,1029,2075305,20,20),(25160,1029,2075306,10,10),(25161,1029,2075307,10,10),(25162,1029,2075308,10,10),(25163,1029,2075309,50,50),(25164,1029,2075310,50,50),(25165,1029,2075311,50,50),(25166,1029,2075312,50,50),(25167,1029,2075313,50,50),(25168,1029,2075314,200,200),(25169,1029,2075315,200,200),(25170,1029,2075316,30,30),(25171,1029,2075317,50,50),(25172,1029,2075318,50,50),(25173,1029,2075319,50,50),(25174,1029,2075320,50,50),(25175,1029,2075321,50,50),(25176,1029,2075322,50,50),(25177,1029,2075323,50,50),(25178,1029,2075324,50,50),(25179,1030,2075259,30,0),(25180,1030,2075260,30,0),(25181,1030,2075262,2000,0),(25182,1030,2075264,500,0),(25183,1030,2075265,500,0),(25184,1030,2075266,500,0),(25185,1030,2075267,200,0),(25186,1030,2075269,200,0),(25187,1030,2075272,100,0),(25188,1030,2075273,200,0),(25189,1030,2075274,200,0),(25190,1030,2075275,200,0),(25191,1030,2075276,200,0),(25192,1030,2075277,100,0),(25193,1030,2075278,100,0),(25194,1030,2075279,200,0),(25195,1030,2075280,200,0),(25196,1030,2075281,100,0),(25197,1030,2075282,50,0),(25198,1030,2075283,50,0),(25199,1030,2075284,50,0),(25200,1030,2075285,30,0),(25201,1030,2075286,200,0),(25202,1030,2075287,200,0),(25203,1030,2075288,200,0),(25204,1030,2075289,50,0),(25205,1030,2075290,50,0),(25206,1030,2075291,50,0),(25207,1030,2075292,50,0),(25208,1030,2075293,50,0),(25209,1030,2075294,50,0),(25210,1030,2075295,50,0),(25211,1030,2075296,50,0),(25212,1030,2075297,50,0),(25213,1030,2075298,30,0),(25214,1030,2075299,20,0),(25215,1030,2075300,20,0),(25216,1030,2075301,20,0),(25217,1030,2075302,20,0),(25218,1030,2075303,20,0),(25219,1030,2075304,20,0),(25220,1030,2075305,20,0),(25221,1030,2075306,10,0),(25222,1030,2075307,10,0),(25223,1030,2075308,10,0),(25224,1030,2075309,50,0),(25225,1030,2075310,50,0),(25226,1030,2075311,50,0),(25227,1030,2075312,50,0),(25228,1030,2075313,50,0),(25229,1030,2075314,200,0),(25230,1030,2075315,200,0),(25231,1030,2075316,30,0),(25232,1030,2075317,50,0),(25233,1030,2075318,50,0),(25234,1030,2075319,50,0),(25235,1030,2075320,50,0),(25236,1030,2075321,50,0),(25237,1030,2075322,50,0),(25238,1030,2075323,50,0),(25239,1030,2075324,50,0);
/*!40000 ALTER TABLE `partidas_productos` ENABLE KEYS */;
UNLOCK TABLES;

--
-- Table structure for table `pedidos`
--

DROP TABLE IF EXISTS `pedidos`;
/*!40101 SET @saved_cs_client     = @@character_set_client */;
/*!50503 SET character_set_client = utf8mb4 */;
CREATE TABLE `pedidos` (
  `id_pedido` int(11) NOT NULL AUTO_INCREMENT,
  `id_empleado` int(11) NOT NULL,
  `idcliente` int(11) NOT NULL,
  `orden_de_compra` varchar(31) NOT NULL,
  `ruta` int(1) NOT NULL,
  `estatus` int(1) NOT NULL,
  `ruta_pdf_orden_compra` varchar(100) NOT NULL,
  `ruta_pdf_pedido` varchar(100) DEFAULT NULL,
  `ruta_pdf_comprobante_pago` varchar(150) DEFAULT NULL,
  `num_pedido` varchar(31) DEFAULT NULL,
  `observacion` varchar(250) DEFAULT NULL,
  `fecha_inicial` datetime DEFAULT NULL,
  `comprobante_pago` varchar(31) DEFAULT NULL,
  `importe` decimal(12,2) DEFAULT NULL,
  `motivo_de_cancelacion` varchar(90) DEFAULT NULL,
  `prioridad` tinyint(1) DEFAULT NULL,
  `tipo_de_pago` int(11) DEFAULT NULL,
  `numero_partidas` int(11) DEFAULT NULL,
  `prioridadE` tinyint(1) DEFAULT NULL,
  `notificado` tinyint(1) DEFAULT NULL,
  `idSubpedidos` int(11) DEFAULT NULL,
  `num_subpedido` varchar(31) DEFAULT NULL,
  PRIMARY KEY (`id_pedido`),
  UNIQUE KEY `id_pedido_UNIQUE` (`id_pedido`),
  KEY `fk_pedidos_empleados1_idx` (`id_empleado`),
  KEY `fk_pedidos_clientes1_idx` (`idcliente`),
  KEY `idSubpedidos` (`idSubpedidos`),
  CONSTRAINT `fk_pedidos_clientes1` FOREIGN KEY (`idcliente`) REFERENCES `clientes` (`idcliente`) ON DELETE NO ACTION ON UPDATE NO ACTION,
  CONSTRAINT `fk_pedidos_empleados1` FOREIGN KEY (`id_empleado`) REFERENCES `empleados` (`id_empleados`) ON DELETE NO ACTION ON UPDATE NO ACTION,
  CONSTRAINT `pedidos_ibfk_1` FOREIGN KEY (`idSubpedidos`) REFERENCES `pedidos` (`id_pedido`)
) ENGINE=InnoDB AUTO_INCREMENT=1894 DEFAULT CHARSET=utf8;
/*!40101 SET character_set_client = @saved_cs_client */;

--
-- Dumping data for table `pedidos`
--

LOCK TABLES `pedidos` WRITE;
/*!40000 ALTER TABLE `pedidos` DISABLE KEYS */;
INSERT INTO `pedidos` VALUES (1885,1,5,'',1,10,'','COTIZACION 44911.xlsx','','52000','','2020-09-10 10:40:02','',13208.02,NULL,0,2,0,0,NULL,NULL,NULL),(1886,1,5,'',1,10,'','COTIZACION 44911.xlsx','','52000','','2020-09-10 10:40:45','',13208.02,NULL,0,2,0,0,NULL,1885,'52000-sub 1 '),(1887,1,5,'',1,2,'','COTIZACION 44911.xlsx','','53000','','2020-09-10 11:03:50','',13208.02,NULL,0,2,0,0,NULL,NULL,NULL),(1888,1,5,'',1,10,'','COTIZACION 44911.xlsx','','54000','','2020-09-10 11:18:07','',13208.02,NULL,0,2,0,0,NULL,NULL,NULL),(1889,1,5,'',1,13,'','COTIZACION 44911.xlsx','','54000','','2020-09-10 11:18:28','',13208.02,NULL,0,2,0,0,NULL,1888,'54000-sub 1 '),(1890,1,5,'',1,10,'','COTIZACION 44911.xlsx','','55000','','2020-09-10 11:21:07','',13208.02,NULL,0,2,0,0,NULL,NULL,NULL),(1891,1,5,'',1,3,'','COTIZACION 44911.xlsx','','55000','','2020-09-10 11:21:20','',13208.02,NULL,0,2,0,0,NULL,1890,'55000-sub 1 '),(1892,1,5,'',1,13,'','COTIZACION 44911.xlsx','','56000','','2020-09-10 11:22:21','',13208.02,NULL,0,2,0,1,NULL,NULL,NULL),(1893,1,5,'',1,5,'','COTIZACION 44911.xlsx','','55000','','2020-09-10 11:23:08','',13208.02,NULL,0,2,0,0,NULL,1891,'55000-sub 2 ');
/*!40000 ALTER TABLE `pedidos` ENABLE KEYS */;
UNLOCK TABLES;

--
-- Table structure for table `permissions`
--

DROP TABLE IF EXISTS `permissions`;
/*!40101 SET @saved_cs_client     = @@character_set_client */;
/*!50503 SET character_set_client = utf8mb4 */;
CREATE TABLE `permissions` (
  `permission_id` tinyint(4) NOT NULL AUTO_INCREMENT,
  `expires` int(11) NOT NULL,
  `writing` tinyint(1) NOT NULL,
  `reading` tinyint(1) NOT NULL,
  `departamentos_id_departamento` int(11) NOT NULL,
  PRIMARY KEY (`permission_id`),
  UNIQUE KEY `session_id_UNIQUE` (`permission_id`),
  KEY `fk_permissions_departamentos1_idx` (`departamentos_id_departamento`),
  CONSTRAINT `fk_permissions_departamentos1` FOREIGN KEY (`departamentos_id_departamento`) REFERENCES `departamentos` (`id_departamento`) ON DELETE NO ACTION ON UPDATE NO ACTION
) ENGINE=InnoDB DEFAULT CHARSET=utf8;
/*!40101 SET character_set_client = @saved_cs_client */;

--
-- Dumping data for table `permissions`
--

LOCK TABLES `permissions` WRITE;
/*!40000 ALTER TABLE `permissions` DISABLE KEYS */;
/*!40000 ALTER TABLE `permissions` ENABLE KEYS */;
UNLOCK TABLES;

--
-- Table structure for table `preferencias_cliente`
--

DROP TABLE IF EXISTS `preferencias_cliente`;
/*!40101 SET @saved_cs_client     = @@character_set_client */;
/*!50503 SET character_set_client = utf8mb4 */;
CREATE TABLE `preferencias_cliente` (
  `idpreferenciaCliente` int(11) NOT NULL AUTO_INCREMENT,
  `idcliente` int(11) DEFAULT NULL,
  `prioridadE` tinyint(1) DEFAULT NULL,
  PRIMARY KEY (`idpreferenciaCliente`),
  KEY `idcliente` (`idcliente`),
  CONSTRAINT `preferencias_cliente_ibfk_1` FOREIGN KEY (`idcliente`) REFERENCES `clientes` (`idcliente`)
) ENGINE=InnoDB AUTO_INCREMENT=3 DEFAULT CHARSET=latin1;
/*!40101 SET character_set_client = @saved_cs_client */;

--
-- Dumping data for table `preferencias_cliente`
--

LOCK TABLES `preferencias_cliente` WRITE;
/*!40000 ALTER TABLE `preferencias_cliente` DISABLE KEYS */;
INSERT INTO `preferencias_cliente` VALUES (1,5,0),(2,6,1);
/*!40000 ALTER TABLE `preferencias_cliente` ENABLE KEYS */;
UNLOCK TABLES;

--
-- Table structure for table `productos`
--

DROP TABLE IF EXISTS `productos`;
/*!40101 SET @saved_cs_client     = @@character_set_client */;
/*!50503 SET character_set_client = utf8mb4 */;
CREATE TABLE `productos` (
  `CLAVE` text,
  `NOMBRE` text,
  `idProducto` int(11) NOT NULL AUTO_INCREMENT,
  PRIMARY KEY (`idProducto`)
) ENGINE=InnoDB AUTO_INCREMENT=2075325 DEFAULT CHARSET=latin1;
/*!40101 SET character_set_client = @saved_cs_client */;

--
-- Dumping data for table `productos`
--

LOCK TABLES `productos` WRITE;
/*!40000 ALTER TABLE `productos` DISABLE KEYS */;
INSERT INTO `productos` VALUES ('TG5F-716X212','TOR G5 NF 7/16-20 X 2 1/2',2075259),('TCAG5F-12','TUERCA G5 NF 1/2-20',2075260),('PHB-14X34','PIJA HEX BROCA 1/4 X 3/4',2075261),('PHB-14X1','PIJA HEX BROCA 1/4 X 1\"',2075262),('PHB-ACC14','ACCESORIO NEOPRENO 1/4',2075263),('PHB-14X114','PIJA HEX BROCA 1/4 X 1-1/4',2075264),('PHB-14X112','PIJA HEX BROCA 1/4 X 1-1/2',2075265),('PHB-14X2','PIJA HEX BROCA 1/4 X 2\"',2075266),('PHB-14X212','PIJA HEX BROCA 1/4 X 2-1/2',2075267),('PHB-14X3','PIJA HEX BROCA 1/4 X 3\"',2075268),('ARPON-38X212','19  TAQUETE ARPON GALV 3/8 X 2 1/2',2075269),('ARPON-12X7','TAQUETE ARPON 1/2 X 7',2075270),('ARPON-38X334','TAQUETE ARPON 3/8 X 3-3/4',2075271),('ARPON-12X334','TAQUETE ARPON 1/2 X 3-3/4',2075272),('TGG-18X34','TOR GOTA GALV 1/8-40 X 3/4',2075273),('TGG-18X1','TOR GOTA GALV 1/8-40 X 1',2075274),('TGG-532X114','TOR GOTA GALV 5/32-32 X 1 1/4',2075275),('TGG-532X12','TOR GOTA GALV 5/32-32 X 1/2',2075276),('TGG-14X112','TOR GOTA GALV 1/4-20 X 1 1/2',2075277),('TGG-14X212','TOR GOTA GALV 1/4-20 X 2 1/2',2075278),('TMG-14X12','TOR MAQ GALV 1/4-20 X 1/2',2075279),('TMG-14X34','TOR MAQ GALV 1/4-20 X 3/4',2075280),('TMG-14X212','TOR MAQ GALV 1/4-20 X 2 1/2',2075281),('TMG-14X312','TOR MAQ GALV 1/4-20 X 3 1/2',2075282),('TMG-14X4','TOR MAQ GALV 1/4-20 X 4',2075283),('TMG-14X412','TOR MAQ GALV 1/4-20 X 4 1/2',2075284),('TMG-14X5','TOR MAQ GALV 1/4-20 X 5',2075285),('TMG-516X34','TOR MAQ GALV 5/16-18 X 3/4',2075286),('TMG-516X114','TOR MAQ GALV 5/16-18 X 1 1/4',2075287),('TMG-516X2','TOR MAQ GALV 5/16-18 X 2',2075288),('TMG-38X212','TOR MAQ GALV 3/8-16 X 2 1/2',2075289),('TMG-38X3','TOR MAQ GALV 3/8-16 X 3',2075290),('TMG-38X312','TOR MAQ GALV 3/8-16 X 3 1/2',2075291),('TMG-716X212','TOR MAQ GALV 7/16-14 X 2 1/2',2075292),('TMG-716X4','TOR MAQ GALV 7/16-14 X 4',2075293),('TMG-12X212','TOR MAQ GALV 1/2-13 X 2 1/2',2075294),('TMG-12X312','TOR MAQ GALV 1/2-13 X 3 1/2',2075295),('TMG-12X4','TOR MAQ GALV 1/2-13 X 4',2075296),('TMG-12X412','TOR MAQ GALV 1/2-13 X 4 1/2',2075297),('TCALG-916','TUERCA LIVIANA NC GALV 9/16-12',2075298),('TG5C-916X1','TOR G5 NC 9/16-12 X 1',2075299),('TG5C-916X114','TOR G5 NC 9/16-12 X 1 1/4',2075300),('TG5C-916X2','TOR G5 NC 9/16-12 X 2',2075301),('TG5C-916X212','TOR G5 NC 9/16-12 X 2 1/2',2075302),('TG5C-916X3','TOR G5 NC 9/16-12 X 3',2075303),('TCALG-58','TUERCA LIVIANA NC GALV 5/8-11',2075304),('TG5C-58X212','TOR G5 NC 5/8-11 X 2 1/2',2075305),('TG5C-34X2','TOR G5 NC 3/4-10 X 2',2075306),('TG5C-34X312','TOR G5 NC 3/4-10 X 3 1/2',2075307),('TG5C-34X4','TOR G5 NC 3/4-10 X 4',2075308),('TG5C-14X12','TOR G5 NC 1/4-20 X 1/2',2075309),('TG5C-14X1','TOR G5 NC 1/4-20 X 1',2075310),('TG5C-14X2','TOR G5 NC 1/4-20 X 2',2075311),('TG5C-516X114','TOR G5 NC 5/16-18 X 1 1/4',2075312),('TG5C-516X112','TOR G5 NC 5/16-18 X 1 1/2',2075313),('TCAG5C-14','TUERCA G5 NC 1/4-20',2075314),('TCAG5C-516','TUERCA G5 NC 5/16-18',2075315),('TG5C-12X114','TOR G5 NC 1/2-13 X 1 1/4',2075316),('TCAG5F-14','TUERCA G5 NF 1/4-28',2075317),('TG5F-14X12','TOR G5 NF 1/4-28 X 1/2',2075318),('TG5F-14X34','TOR G5 NF 1/4-28 X 3/4',2075319),('TG5F-14X2','TOR G5 NF 1/4-28 X 2',2075320),('TG5F-14X212','TOR G5 NF 1/4-28 X 2 1/2',2075321),('TG5F-14X3','TOR G5 NF 1/4-28 X 3',2075322),('TG5F-516X1','TOR G5 NF 5/16-24 X 1',2075323),('TG5F-516X114','TOR G5 NF 5/16-24 X 1 1/4',2075324);
/*!40000 ALTER TABLE `productos` ENABLE KEYS */;
UNLOCK TABLES;

--
-- Table structure for table `proveedores`
--

DROP TABLE IF EXISTS `proveedores`;
/*!40101 SET @saved_cs_client     = @@character_set_client */;
/*!50503 SET character_set_client = utf8mb4 */;
CREATE TABLE `proveedores` (
  `idProveedor` int(11) NOT NULL AUTO_INCREMENT,
  `nombre` varchar(30) DEFAULT NULL,
  `numeroInterno` int(11) DEFAULT NULL,
  `tiempoEntrega` int(11) DEFAULT NULL,
  PRIMARY KEY (`idProveedor`)
) ENGINE=InnoDB AUTO_INCREMENT=3 DEFAULT CHARSET=latin1;
/*!40101 SET character_set_client = @saved_cs_client */;

--
-- Dumping data for table `proveedores`
--

LOCK TABLES `proveedores` WRITE;
/*!40000 ALTER TABLE `proveedores` DISABLE KEYS */;
INSERT INTO `proveedores` VALUES (1,'El rey del tornillo ',1,48),(2,'tornilos y muelles ',2,48);
/*!40000 ALTER TABLE `proveedores` ENABLE KEYS */;
UNLOCK TABLES;

--
-- Table structure for table `proveedores_faltantes_partidas`
--

DROP TABLE IF EXISTS `proveedores_faltantes_partidas`;
/*!40101 SET @saved_cs_client     = @@character_set_client */;
/*!50503 SET character_set_client = utf8mb4 */;
CREATE TABLE `proveedores_faltantes_partidas` (
  `idProveedorFaltantes` int(11) NOT NULL AUTO_INCREMENT,
  `idProveedor` int(11) DEFAULT NULL,
  `idFaltantePartida` int(11) DEFAULT NULL,
  `cantidad` int(11) DEFAULT NULL,
  `fecha_faltante` datetime DEFAULT NULL,
  `fecha_llegada` datetime DEFAULT NULL,
  PRIMARY KEY (`idProveedorFaltantes`),
  KEY `idProveedor` (`idProveedor`),
  KEY `idFaltantePartida` (`idFaltantePartida`),
  CONSTRAINT `proveedores_faltantes_partidas_ibfk_1` FOREIGN KEY (`idProveedor`) REFERENCES `proveedores` (`idProveedor`),
  CONSTRAINT `proveedores_faltantes_partidas_ibfk_2` FOREIGN KEY (`idFaltantePartida`) REFERENCES `faltantes_partidas` (`idFaltantePartida`)
) ENGINE=InnoDB AUTO_INCREMENT=15759 DEFAULT CHARSET=latin1;
/*!40101 SET character_set_client = @saved_cs_client */;

--
-- Dumping data for table `proveedores_faltantes_partidas`
--

LOCK TABLES `proveedores_faltantes_partidas` WRITE;
/*!40000 ALTER TABLE `proveedores_faltantes_partidas` DISABLE KEYS */;
INSERT INTO `proveedores_faltantes_partidas` VALUES (15627,2,3483,0,'2020-09-10 11:22:44','2020-09-12 03:22:44'),(15628,2,3481,0,'2020-09-10 11:22:44','2020-09-12 03:22:44'),(15629,2,3480,0,'2020-09-10 11:22:44','2020-09-12 03:22:44'),(15630,2,3482,0,'2020-09-10 11:22:44','2020-09-12 03:22:44'),(15631,2,3474,0,'2020-09-10 11:22:44','2020-09-12 03:22:44'),(15632,2,3476,0,'2020-09-10 11:22:44','2020-09-12 03:22:44'),(15633,2,3475,0,'2020-09-10 11:22:44','2020-09-12 03:22:44'),(15634,2,3477,0,'2020-09-10 11:22:44','2020-09-12 03:22:44'),(15635,2,3478,0,'2020-09-10 11:22:44','2020-09-12 03:22:44'),(15636,2,3479,0,'2020-09-10 11:22:44','2020-09-12 03:22:44'),(15637,2,3525,0,'2020-09-10 11:22:44','2020-09-12 03:22:44'),(15638,2,3526,0,'2020-09-10 11:22:44','2020-09-12 03:22:44'),(15639,2,3473,0,'2020-09-10 11:22:44','2020-09-12 03:22:44'),(15640,2,3528,0,'2020-09-10 11:22:44','2020-09-12 03:22:44'),(15641,2,3515,0,'2020-09-10 11:22:44','2020-09-12 03:22:44'),(15642,2,3509,0,'2020-09-10 11:22:44','2020-09-12 03:22:44'),(15643,2,3527,0,'2020-09-10 11:22:44','2020-09-12 03:22:44'),(15644,2,3521,0,'2020-09-10 11:22:44','2020-09-12 03:22:44'),(15645,2,3520,0,'2020-09-10 11:22:44','2020-09-12 03:22:44'),(15646,2,3522,0,'2020-09-10 11:22:44','2020-09-12 03:22:44'),(15647,2,3517,0,'2020-09-10 11:22:44','2020-09-12 03:22:44'),(15648,2,3518,0,'2020-09-10 11:22:44','2020-09-12 03:22:44'),(15649,2,3519,0,'2020-09-10 11:22:44','2020-09-12 03:22:44'),(15650,2,3524,0,'2020-09-10 11:22:44','2020-09-12 03:22:44'),(15651,2,3523,0,'2020-09-10 11:22:44','2020-09-12 03:22:44'),(15652,2,3516,0,'2020-09-10 11:22:44','2020-09-12 03:22:44'),(15653,2,3510,0,'2020-09-10 11:22:44','2020-09-12 03:22:44'),(15654,2,3511,0,'2020-09-10 11:22:44','2020-09-12 03:22:44'),(15655,2,3512,0,'2020-09-10 11:22:44','2020-09-12 03:22:44'),(15656,2,3513,0,'2020-09-10 11:22:44','2020-09-12 03:22:44'),(15657,2,3514,0,'2020-09-10 11:22:44','2020-09-12 03:22:44'),(15658,2,3529,0,'2020-09-10 11:22:44','2020-09-12 03:22:44'),(15659,2,3531,0,'2020-09-10 11:22:44','2020-09-12 03:22:44'),(15660,2,3532,0,'2020-09-10 11:22:44','2020-09-12 03:22:44'),(15661,2,3533,0,'2020-09-10 11:22:44','2020-09-12 03:22:44'),(15662,2,3530,0,'2020-09-10 11:22:44','2020-09-12 03:22:44'),(15663,2,3534,0,'2020-09-10 11:22:44','2020-09-12 03:22:44'),(15664,2,3535,0,'2020-09-10 11:22:44','2020-09-12 03:22:44'),(15665,2,3472,0,'2020-09-10 11:22:44','2020-09-12 03:22:44'),(15666,2,3488,0,'2020-09-10 11:22:44','2020-09-12 03:22:44'),(15667,2,3489,0,'2020-09-10 11:22:44','2020-09-12 03:22:44'),(15668,2,3485,0,'2020-09-10 11:22:44','2020-09-12 03:22:44'),(15669,2,3484,0,'2020-09-10 11:22:44','2020-09-12 03:22:44'),(15670,2,3486,0,'2020-09-10 11:22:44','2020-09-12 03:22:44'),(15671,2,3487,0,'2020-09-10 11:22:44','2020-09-12 03:22:44'),(15672,2,3505,0,'2020-09-10 11:22:44','2020-09-12 03:22:44'),(15673,2,3506,0,'2020-09-10 11:22:44','2020-09-12 03:22:44'),(15674,2,3507,0,'2020-09-10 11:22:44','2020-09-12 03:22:44'),(15675,2,3508,0,'2020-09-10 11:22:44','2020-09-12 03:22:44'),(15676,2,3490,0,'2020-09-10 11:22:44','2020-09-12 03:22:44'),(15677,2,3492,0,'2020-09-10 11:22:44','2020-09-12 03:22:44'),(15678,2,3493,0,'2020-09-10 11:22:44','2020-09-12 03:22:44'),(15679,2,3491,0,'2020-09-10 11:22:44','2020-09-12 03:22:44'),(15680,2,3494,0,'2020-09-10 11:22:44','2020-09-12 03:22:44'),(15681,2,3495,0,'2020-09-10 11:22:44','2020-09-12 03:22:44'),(15682,2,3496,0,'2020-09-10 11:22:44','2020-09-12 03:22:44'),(15683,2,3500,0,'2020-09-10 11:22:44','2020-09-12 03:22:44'),(15684,2,3501,0,'2020-09-10 11:22:44','2020-09-12 03:22:44'),(15685,2,3502,0,'2020-09-10 11:22:44','2020-09-12 03:22:44'),(15686,2,3498,0,'2020-09-10 11:22:44','2020-09-12 03:22:44'),(15687,2,3499,0,'2020-09-10 11:22:44','2020-09-12 03:22:44'),(15688,2,3497,0,'2020-09-10 11:22:44','2020-09-12 03:22:44'),(15689,2,3503,0,'2020-09-10 11:22:44','2020-09-12 03:22:44'),(15690,2,3504,0,'2020-09-10 11:22:44','2020-09-12 03:22:44'),(15691,1,3549,0,'2020-09-10 11:26:24','2020-09-12 03:26:24'),(15692,1,3546,0,'2020-09-10 11:26:24','2020-09-12 03:26:24'),(15693,2,3549,0,'2020-09-10 11:26:32','2020-09-12 03:26:32'),(15694,2,3547,0,'2020-09-10 11:26:32','2020-09-12 03:26:32'),(15695,2,3546,0,'2020-09-10 11:26:32','2020-09-12 03:26:32'),(15696,2,3548,0,'2020-09-10 11:26:32','2020-09-12 03:26:32'),(15697,2,3539,0,'2020-09-10 11:26:32','2020-09-12 03:26:32'),(15698,2,3542,0,'2020-09-10 11:26:32','2020-09-12 03:26:32'),(15699,2,3541,0,'2020-09-10 11:26:32','2020-09-12 03:26:32'),(15700,2,3543,0,'2020-09-10 11:26:32','2020-09-12 03:26:32'),(15701,2,3544,0,'2020-09-10 11:26:32','2020-09-12 03:26:32'),(15702,2,3545,0,'2020-09-10 11:26:32','2020-09-12 03:26:32'),(15703,2,3538,0,'2020-09-10 11:26:32','2020-09-12 03:26:32'),(15704,2,3540,0,'2020-09-10 11:26:32','2020-09-12 03:26:32'),(15705,2,3591,0,'2020-09-10 11:26:32','2020-09-12 03:26:32'),(15706,2,3592,0,'2020-09-10 11:26:32','2020-09-12 03:26:32'),(15707,2,3537,0,'2020-09-10 11:26:32','2020-09-12 03:26:32'),(15708,2,3594,0,'2020-09-10 11:26:32','2020-09-12 03:26:32'),(15709,2,3581,0,'2020-09-10 11:26:32','2020-09-12 03:26:32'),(15710,2,3575,0,'2020-09-10 11:26:32','2020-09-12 03:26:32'),(15711,2,3593,0,'2020-09-10 11:26:32','2020-09-12 03:26:32'),(15712,2,3587,0,'2020-09-10 11:26:32','2020-09-12 03:26:32'),(15713,2,3586,0,'2020-09-10 11:26:32','2020-09-12 03:26:32'),(15714,2,3588,0,'2020-09-10 11:26:32','2020-09-12 03:26:32'),(15715,2,3583,0,'2020-09-10 11:26:32','2020-09-12 03:26:32'),(15716,2,3584,0,'2020-09-10 11:26:32','2020-09-12 03:26:32'),(15717,2,3585,0,'2020-09-10 11:26:32','2020-09-12 03:26:32'),(15718,2,3590,0,'2020-09-10 11:26:32','2020-09-12 03:26:32'),(15719,2,3589,0,'2020-09-10 11:26:32','2020-09-12 03:26:32'),(15720,2,3582,0,'2020-09-10 11:26:32','2020-09-12 03:26:32'),(15721,2,3576,0,'2020-09-10 11:26:32','2020-09-12 03:26:32'),(15722,2,3577,0,'2020-09-10 11:26:32','2020-09-12 03:26:32'),(15723,2,3578,0,'2020-09-10 11:26:32','2020-09-12 03:26:32'),(15724,2,3579,0,'2020-09-10 11:26:32','2020-09-12 03:26:32'),(15725,2,3580,0,'2020-09-10 11:26:32','2020-09-12 03:26:32'),(15726,2,3595,0,'2020-09-10 11:26:32','2020-09-12 03:26:32'),(15727,2,3597,0,'2020-09-10 11:26:32','2020-09-12 03:26:32'),(15728,2,3598,0,'2020-09-10 11:26:32','2020-09-12 03:26:32'),(15729,2,3599,0,'2020-09-10 11:26:32','2020-09-12 03:26:32'),(15730,2,3596,0,'2020-09-10 11:26:32','2020-09-12 03:26:32'),(15731,2,3600,0,'2020-09-10 11:26:32','2020-09-12 03:26:32'),(15732,2,3601,0,'2020-09-10 11:26:32','2020-09-12 03:26:32'),(15733,2,3536,0,'2020-09-10 11:26:32','2020-09-12 03:26:32'),(15734,2,3554,0,'2020-09-10 11:26:32','2020-09-12 03:26:32'),(15735,2,3555,0,'2020-09-10 11:26:32','2020-09-12 03:26:32'),(15736,2,3551,0,'2020-09-10 11:26:32','2020-09-12 03:26:32'),(15737,2,3550,0,'2020-09-10 11:26:32','2020-09-12 03:26:32'),(15738,2,3552,0,'2020-09-10 11:26:32','2020-09-12 03:26:32'),(15739,2,3553,0,'2020-09-10 11:26:32','2020-09-12 03:26:32'),(15740,2,3571,0,'2020-09-10 11:26:32','2020-09-12 03:26:32'),(15741,2,3572,0,'2020-09-10 11:26:32','2020-09-12 03:26:32'),(15742,2,3573,0,'2020-09-10 11:26:32','2020-09-12 03:26:32'),(15743,2,3574,0,'2020-09-10 11:26:32','2020-09-12 03:26:32'),(15744,2,3556,0,'2020-09-10 11:26:32','2020-09-12 03:26:32'),(15745,2,3558,0,'2020-09-10 11:26:32','2020-09-12 03:26:32'),(15746,2,3559,0,'2020-09-10 11:26:32','2020-09-12 03:26:32'),(15747,2,3557,0,'2020-09-10 11:26:32','2020-09-12 03:26:32'),(15748,2,3560,0,'2020-09-10 11:26:32','2020-09-12 03:26:32'),(15749,2,3561,0,'2020-09-10 11:26:32','2020-09-12 03:26:32'),(15750,2,3562,0,'2020-09-10 11:26:32','2020-09-12 03:26:32'),(15751,2,3566,0,'2020-09-10 11:26:32','2020-09-12 03:26:32'),(15752,2,3567,0,'2020-09-10 11:26:32','2020-09-12 03:26:32'),(15753,2,3568,0,'2020-09-10 11:26:32','2020-09-12 03:26:32'),(15754,2,3564,0,'2020-09-10 11:26:32','2020-09-12 03:26:32'),(15755,2,3565,0,'2020-09-10 11:26:32','2020-09-12 03:26:32'),(15756,2,3563,0,'2020-09-10 11:26:32','2020-09-12 03:26:32'),(15757,2,3569,0,'2020-09-10 11:26:32','2020-09-12 03:26:32'),(15758,2,3570,0,'2020-09-10 11:26:32','2020-09-12 03:26:32');
/*!40000 ALTER TABLE `proveedores_faltantes_partidas` ENABLE KEYS */;
UNLOCK TABLES;

--
-- Table structure for table `sessions`
--

DROP TABLE IF EXISTS `sessions`;
/*!40101 SET @saved_cs_client     = @@character_set_client */;
/*!50503 SET character_set_client = utf8mb4 */;
CREATE TABLE `sessions` (
  `session_id` varchar(128) CHARACTER SET utf8mb4 COLLATE utf8mb4_bin NOT NULL,
  `expires` int(11) unsigned NOT NULL,
  `data` mediumtext CHARACTER SET utf8mb4 COLLATE utf8mb4_bin,
  PRIMARY KEY (`session_id`)
) ENGINE=InnoDB DEFAULT CHARSET=utf8mb4;
/*!40101 SET character_set_client = @saved_cs_client */;

--
-- Dumping data for table `sessions`
--

LOCK TABLES `sessions` WRITE;
/*!40000 ALTER TABLE `sessions` DISABLE KEYS */;
INSERT INTO `sessions` VALUES ('6ZSro7PTehu-uFAo9WFr_fuxNJJTeha0',1599843917,'{\"cookie\":{\"originalMaxAge\":null,\"expires\":null,\"httpOnly\":true,\"path\":\"/\"},\"flash\":{},\"passport\":{\"user\":2}}'),('UIZIyysy_T-_VoUQFGN6MuVORxOeQ6Ko',1599779246,'{\"cookie\":{\"originalMaxAge\":null,\"expires\":null,\"httpOnly\":true,\"path\":\"/\"},\"flash\":{},\"passport\":{\"user\":2}}'),('akZv705-FOC8ONrUEF6lRySCKxPkbDbW',1600182190,'{\"cookie\":{\"originalMaxAge\":null,\"expires\":null,\"httpOnly\":true,\"path\":\"/\"},\"flash\":{},\"passport\":{\"user\":2}}');
/*!40000 ALTER TABLE `sessions` ENABLE KEYS */;
UNLOCK TABLES;

--
-- Dumping events for database 'covamsa_desarrollo'
--

--
-- Dumping routines for database 'covamsa_desarrollo'
--
/*!50003 DROP PROCEDURE IF EXISTS `TEST` */;
/*!50003 SET @saved_cs_client      = @@character_set_client */ ;
/*!50003 SET @saved_cs_results     = @@character_set_results */ ;
/*!50003 SET @saved_col_connection = @@collation_connection */ ;
/*!50003 SET character_set_client  = utf8mb4 */ ;
/*!50003 SET character_set_results = utf8mb4 */ ;
/*!50003 SET collation_connection  = utf8mb4_general_ci */ ;
/*!50003 SET @saved_sql_mode       = @@sql_mode */ ;
/*!50003 SET sql_mode              = 'STRICT_TRANS_TABLES,NO_AUTO_CREATE_USER,NO_ENGINE_SUBSTITUTION' */ ;
DELIMITER ;;
CREATE DEFINER=`root`@`localhost` PROCEDURE `TEST`()
BEGIN 
		select * from productos; 
    END ;;
DELIMITER ;
/*!50003 SET sql_mode              = @saved_sql_mode */ ;
/*!50003 SET character_set_client  = @saved_cs_client */ ;
/*!50003 SET character_set_results = @saved_cs_results */ ;
/*!50003 SET collation_connection  = @saved_col_connection */ ;
/*!40103 SET TIME_ZONE=@OLD_TIME_ZONE */;

/*!40101 SET SQL_MODE=@OLD_SQL_MODE */;
/*!40014 SET FOREIGN_KEY_CHECKS=@OLD_FOREIGN_KEY_CHECKS */;
/*!40014 SET UNIQUE_CHECKS=@OLD_UNIQUE_CHECKS */;
/*!40101 SET CHARACTER_SET_CLIENT=@OLD_CHARACTER_SET_CLIENT */;
/*!40101 SET CHARACTER_SET_RESULTS=@OLD_CHARACTER_SET_RESULTS */;
/*!40101 SET COLLATION_CONNECTION=@OLD_COLLATION_CONNECTION */;
/*!40111 SET SQL_NOTES=@OLD_SQL_NOTES */;

-- Dump completed on 2020-09-14 10:07:14
